{
    "timestamp": "2025-04-12 18:14:45",
    "cpu": {
        "overall_usage": 40.225806451612904,
        "cores": 2,
        "per_core_usage": {
            "0": 0,
            "1": 0,
            "2": 0,
            "3": 0,
            "4": 0,
            "5": 42.172688172043024,
            "6": 38.69215053763439,
            "7": 45.05924731182795,
            "8": 43.01215053763441,
            "9": 42.23408602150536,
            "10": 0,
            "count": 93
        },
        "load_average": {
            "1min": 0.4022580645161293,
            "5min": 0.4022580645161293,
            "15min": 0.4022580645161293,
            "count": 93
        },
        "count": 93
    },
    "memory": {
        "total": 12454628,
        "free": 3237200.6021505375,
        "used": 9217427.397849461,
        "percent_used": 74.008064516129,
        "virtual_total": 18746084,
        "virtual_free": 7717504.602150538,
        "virtual_used": 11028579.397849461,
        "virtual_percent_used": 58.83129032258065,
        "count": 93
    },
    "processes": {
        "0": {
            "name": "Memory Compression",
            "pid": 3851.2688172043,
            "memory_usage": "609,976 K",
            "memory_kb": 493918.27956989245,
            "cpu_time": "0:00:18",
            "status": 0.989247311827957,
            "user": "N\/A",
            "command": "Memory Compression",
            "count": 93
        },
        "1": {
            "name": "Cursor.exe",
            "pid": 3846.666666666668,
            "memory_usage": "488,040 K",
            "memory_kb": 406282.5376344086,
            "cpu_time": "0:07:37",
            "status": 0.3763440860215054,
            "user": "DESKTOP-G44GISP\\Al-AMIN ISLAM",
            "command": "Cursor.exe",
            "count": 93
        },
        "2": {
            "name": "MsMpEng.exe",
            "pid": 5174.924731182795,
            "memory_usage": "339,772 K",
            "memory_kb": 356331.44086021505,
            "cpu_time": "0:10:36",
            "status": 0.4731182795698925,
            "user": "N\/A",
            "command": "MsMpEng.exe",
            "count": 93
        },
        "3": {
            "name": "Code.exe",
            "pid": 4739.870967741934,
            "memory_usage": "312,612 K",
            "memory_kb": 342318.8387096777,
            "cpu_time": "0:01:12",
            "status": 0.5591397849462367,
            "user": "DESKTOP-G44GISP\\Al-AMIN ISLAM",
            "command": "Code.exe",
            "count": 93
        },
        "4": {
            "name": "chrome.exe",
            "pid": 5059.741935483872,
            "memory_usage": "299,064 K",
            "memory_kb": 327067.3978494624,
            "cpu_time": "0:06:57",
            "status": 0.7096774193548387,
            "user": "DESKTOP-G44GISP\\Al-AMIN ISLAM",
            "command": "chrome.exe",
            "count": 93
        },
        "5": {
            "name": "chrome.exe",
            "pid": 7450.8387096774195,
            "memory_usage": "296,028 K",
            "memory_kb": 315059.2258064515,
            "cpu_time": "0:00:50",
            "status": 0.9247311827956988,
            "user": "DESKTOP-G44GISP\\Al-AMIN ISLAM",
            "command": "chrome.exe",
            "count": 93
        },
        "6": {
            "name": "chrome.exe",
            "pid": 5026.150537634411,
            "memory_usage": "295,472 K",
            "memory_kb": 301343.09677419363,
            "cpu_time": "0:02:33",
            "status": 0.967741935483871,
            "user": "DESKTOP-G44GISP\\Al-AMIN ISLAM",
            "command": "chrome.exe",
            "count": 93
        },
        "7": {
            "name": "Cursor.exe",
            "pid": 3017.935483870968,
            "memory_usage": "272,320 K",
            "memory_kb": 280487.440860215,
            "cpu_time": "0:00:41",
            "status": 1,
            "user": "DESKTOP-G44GISP\\Al-AMIN ISLAM",
            "command": "Cursor.exe",
            "count": 93
        },
        "8": {
            "name": "chrome.exe",
            "pid": 9755.870967741936,
            "memory_usage": "261,164 K",
            "memory_kb": 262236.94623655913,
            "cpu_time": "0:00:26",
            "status": 1,
            "user": "DESKTOP-G44GISP\\Al-AMIN ISLAM",
            "command": "chrome.exe",
            "count": 93
        },
        "9": {
            "name": "chrome.exe",
            "pid": 11126.752688172042,
            "memory_usage": "260,184 K",
            "memory_kb": 251028.47311827957,
            "cpu_time": "0:04:47",
            "status": 1,
            "user": "DESKTOP-G44GISP\\Al-AMIN ISLAM",
            "command": "chrome.exe",
            "count": 93
        },
        "10": {
            "name": "chrome.exe",
            "pid": 8507.526881720432,
            "memory_usage": "259,632 K",
            "memory_kb": 240631.311827957,
            "cpu_time": "0:00:56",
            "status": 1,
            "user": "DESKTOP-G44GISP\\Al-AMIN ISLAM",
            "command": "chrome.exe",
            "count": 93
        },
        "11": {
            "name": "chrome.exe",
            "pid": 9139.311827956992,
            "memory_usage": "217,060 K",
            "memory_kb": 232596.4301075269,
            "cpu_time": "0:00:42",
            "status": 1,
            "user": "DESKTOP-G44GISP\\Al-AMIN ISLAM",
            "command": "chrome.exe",
            "count": 93
        },
        "12": {
            "name": "chrome.exe",
            "pid": 8128.903225806453,
            "memory_usage": "206,668 K",
            "memory_kb": 223942.1935483871,
            "cpu_time": "0:00:30",
            "status": 1,
            "user": "DESKTOP-G44GISP\\Al-AMIN ISLAM",
            "command": "chrome.exe",
            "count": 93
        },
        "13": {
            "name": "chrome.exe",
            "pid": 6836.215053763441,
            "memory_usage": "205,076 K",
            "memory_kb": 215099.39784946237,
            "cpu_time": "0:00:27",
            "status": 1,
            "user": "DESKTOP-G44GISP\\Al-AMIN ISLAM",
            "command": "chrome.exe",
            "count": 93
        },
        "14": {
            "name": "Skype.exe",
            "pid": 7939.8279569892475,
            "memory_usage": "192,872 K",
            "memory_kb": 202003.01075268825,
            "cpu_time": "0:00:34",
            "status": 1,
            "user": "DESKTOP-G44GISP\\Al-AMIN ISLAM",
            "command": "Skype.exe",
            "count": 93
        },
        "15": {
            "name": "intelliphp.ls.exe",
            "pid": 10568.258064516123,
            "memory_usage": "185,604 K",
            "memory_kb": 195652.64516129033,
            "cpu_time": "0:00:03",
            "status": 1,
            "user": "DESKTOP-G44GISP\\Al-AMIN ISLAM",
            "command": "intelliphp.ls.exe",
            "count": 93
        },
        "16": {
            "name": "Cursor.exe",
            "pid": 9735.397849462368,
            "memory_usage": "176,168 K",
            "memory_kb": 189006.62365591395,
            "cpu_time": "0:00:46",
            "status": 1,
            "user": "DESKTOP-G44GISP\\Al-AMIN ISLAM",
            "command": "Cursor.exe",
            "count": 93
        },
        "17": {
            "name": "explorer.exe",
            "pid": 4666.451612903224,
            "memory_usage": "171,112 K",
            "memory_kb": 180291.2258064516,
            "cpu_time": "0:01:15",
            "status": 1,
            "user": "DESKTOP-G44GISP\\Al-AMIN ISLAM",
            "command": "explorer.exe",
            "count": 93
        },
        "18": {
            "name": "Code.exe",
            "pid": 7445.806451612903,
            "memory_usage": "162,156 K",
            "memory_kb": 174770.23655913977,
            "cpu_time": "0:00:12",
            "status": 1,
            "user": "DESKTOP-G44GISP\\Al-AMIN ISLAM",
            "command": "Code.exe",
            "count": 93
        },